trade id,product,side,created at,size,size unit,price,fee,total,price/fee/total unit
1345600,ETH-BTC,BUY,2017-08-21T20:37:10.328Z,0.12299629,ETH,0.08106,0.0000299102378022,-0.0099999895052022,BTC
1347073,ETH-BTC,SELL,2017-08-21T23:27:35.233Z,0.01000000,ETH,0.07958,0,0.0007958,BTC
1347184,ETH-BTC,SELL,2017-08-21T23:41:10.857Z,0.01000000,ETH,0.08031,0,0.0008031,BTC
1348461,ETH-BTC,SELL,2017-08-22T00:50:52.237Z,0.01000000,ETH,0.08351,0.0000025053,0.0008325947,BTC
1349269,ETH-BTC,SELL,2017-08-22T03:01:36.686Z,0.01000000,ETH,0.08159,0,0.0008159,BTC
1349361,ETH-BTC,SELL,2017-08-22T03:28:13.815Z,0.01000000,ETH,0.08161,0,0.0008161,BTC
1349570,ETH-BTC,BUY,2017-08-22T03:45:14.094Z,0.01000000,ETH,0.08046,0.0000024138,-0.0008070138,BTC
1349580,ETH-BTC,BUY,2017-08-22T03:45:32.433Z,0.01000000,ETH,0.08050,0.000002415,-0.000807415,BTC
1351387,ETH-BTC,BUY,2017-08-22T07:47:16.568Z,0.01000000,ETH,0.07946,0,-0.0007946,BTC
1387400,ETH-BTC,BUY,2017-08-28T22:25:22.272Z,0.01000000,ETH,0.07910,0.000002373,-0.000793373,BTC
1387404,ETH-BTC,BUY,2017-08-28T22:29:08.120Z,0.01000000,ETH,0.07918,0.0000023754,-0.0007941754,BTC
1387748,ETH-BTC,SELL,2017-08-29T01:22:49.284Z,0.01000000,ETH,0.07957,0.0000023871,0.0007933129,BTC
1387749,ETH-BTC,BUY,2017-08-29T01:24:20.827Z,0.01000000,ETH,0.07958,0.0000023874,-0.0007981874,BTC
1387760,ETH-BTC,SELL,2017-08-29T01:49:12.149Z,0.01000000,ETH,0.07961,0.0000023883,0.0007937117,BTC
1387761,ETH-BTC,SELL,2017-08-29T01:49:46.009Z,0.01000000,ETH,0.07961,0.0000023883,0.0007937117,BTC
1387773,ETH-BTC,SELL,2017-08-29T01:55:34.778Z,0.01000000,ETH,0.07967,0,0.0007967,BTC
1387828,ETH-BTC,BUY,2017-08-29T02:04:21.995Z,0.01000000,ETH,0.07975,0.0000023925,-0.0007998925,BTC
1387829,ETH-BTC,BUY,2017-08-29T02:04:57.384Z,0.01000000,ETH,0.07975,0.0000023925,-0.0007998925,BTC
1387831,ETH-BTC,BUY,2017-08-29T02:06:13.608Z,0.01000000,ETH,0.07975,0.0000023925,-0.0007998925,BTC
1387840,ETH-BTC,SELL,2017-08-29T02:12:39.406Z,0.01000000,ETH,0.07975,0,0.0007975,BTC
1405760,ETH-BTC,SELL,2017-09-01T04:19:31.268Z,0.01000000,ETH,0.08318,0,0.0008318,BTC
1405763,ETH-BTC,SELL,2017-09-01T04:19:41.420Z,0.01000000,ETH,0.08318,0,0.0008318,BTC
1405765,ETH-BTC,SELL,2017-09-01T04:19:46.603Z,0.01000000,ETH,0.08318,0,0.0008318,BTC
1405767,ETH-BTC,SELL,2017-09-01T04:19:55.213Z,0.01000000,ETH,0.08318,0,0.0008318,BTC
1405774,ETH-BTC,SELL,2017-09-01T04:25:36.412Z,0.01000000,ETH,0.08316,0.0000024948,0.0008291052,BTC
1405775,ETH-BTC,SELL,2017-09-01T04:25:42.213Z,0.01000000,ETH,0.08316,0.0000024948,0.0008291052,BTC
1405776,ETH-BTC,SELL,2017-09-01T04:25:47.968Z,0.01000000,ETH,0.08316,0.0000024948,0.0008291052,BTC
1405777,ETH-BTC,SELL,2017-09-01T04:25:53.852Z,0.01000000,ETH,0.08316,0.0000024948,0.0008291052,BTC
1405778,ETH-BTC,SELL,2017-09-01T04:25:59.480Z,0.01000000,ETH,0.08316,0.0000024948,0.0008291052,BTC
1411648,ETH-BTC,BUY,2017-09-02T01:56:37.204Z,0.02000000,ETH,0.07821,0.0000046926,-0.0015688926,BTC
1411649,ETH-BTC,BUY,2017-09-02T01:56:44.487Z,0.02000000,ETH,0.07821,0.0000046926,-0.0015688926,BTC
1412091,ETH-BTC,BUY,2017-09-02T03:09:48.736Z,0.00792091,ETH,0.07864,0.0000018687010872,-0.0006247690634872,BTC
1412110,ETH-BTC,BUY,2017-09-02T03:11:51.300Z,0.04207909,ETH,0.07864,0,-0.0033090996376,BTC
1412269,ETH-BTC,BUY,2017-09-02T03:24:30.115Z,0.05000000,ETH,0.07873,0,-0.0039365,BTC
1412279,ETH-BTC,BUY,2017-09-02T03:25:17.721Z,0.05000000,ETH,0.07862,0,-0.003931,BTC
1412352,ETH-BTC,BUY,2017-09-02T03:26:34.541Z,0.05000000,ETH,0.07808,0,-0.003904,BTC
1412430,ETH-BTC,BUY,2017-09-02T03:33:19.060Z,0.05000000,ETH,0.07821,0.0000117315,-0.0039222315,BTC
1412432,ETH-BTC,BUY,2017-09-02T03:33:22.008Z,0.05000000,ETH,0.07821,0.0000117315,-0.0039222315,BTC
1412433,ETH-BTC,BUY,2017-09-02T03:33:24.680Z,0.01341116,ETH,0.07821,0.0000031466604708,-0.0010520334840708,BTC
1412525,ETH-BTC,BUY,2017-09-02T03:40:41.439Z,0.03658884,ETH,0.07821,0,-0.0028616131764,BTC
1412554,ETH-BTC,SELL,2017-09-02T03:42:52.671Z,0.02067577,ETH,0.07817,0,0.0016162249409,BTC
1412590,ETH-BTC,SELL,2017-09-02T03:47:02.317Z,0.02932423,ETH,0.07817,0,0.0022922750591,BTC
1412591,ETH-BTC,SELL,2017-09-02T03:47:02.317Z,0.05000000,ETH,0.07821,0,0.0039105,BTC
1412999,ETH-BTC,BUY,2017-09-02T05:17:38.421Z,0.01000000,ETH,0.07848,0.0000023544,-0.0007871544,BTC
1413004,ETH-BTC,BUY,2017-09-02T05:17:42.916Z,0.01000000,ETH,0.07850,0.000002355,-0.000787355,BTC
1413023,ETH-BTC,SELL,2017-09-02T05:17:43.114Z,0.00608481,ETH,0.07877,0,0.0004793004837,BTC
1413024,ETH-BTC,SELL,2017-09-02T05:17:43.304Z,0.01000000,ETH,0.07877,0,0.0007877,BTC
1413026,ETH-BTC,SELL,2017-09-02T05:17:46.671Z,0.03391519,ETH,0.07877,0,0.0026714995163,BTC
1413138,ETH-BTC,SELL,2017-09-02T05:31:54.101Z,0.01000000,ETH,0.07881,0.0000023643,0.0007857357,BTC
1413139,ETH-BTC,SELL,2017-09-02T05:31:55.584Z,0.01000000,ETH,0.07881,0.0000023643,0.0007857357,BTC
1413159,ETH-BTC,BUY,2017-09-02T05:32:10.761Z,0.01000000,ETH,0.07848,0,-0.0007848,BTC
1413169,ETH-BTC,SELL,2017-09-02T05:32:53.523Z,0.01000000,ETH,0.07845,0.0000023535,0.0007821465,BTC
1413170,ETH-BTC,SELL,2017-09-02T05:32:55.025Z,0.01000000,ETH,0.07845,0.0000023535,0.0007821465,BTC
1413171,ETH-BTC,SELL,2017-09-02T05:32:56.563Z,0.01000000,ETH,0.07845,0.0000023535,0.0007821465,BTC
1413172,ETH-BTC,SELL,2017-09-02T05:32:58.654Z,0.01000000,ETH,0.07845,0.0000023535,0.0007821465,BTC
1413173,ETH-BTC,SELL,2017-09-02T05:33:00.023Z,0.01000000,ETH,0.07845,0.0000023535,0.0007821465,BTC
1413174,ETH-BTC,SELL,2017-09-02T05:33:01.791Z,0.01000000,ETH,0.07845,0.0000023535,0.0007821465,BTC
1413210,ETH-BTC,SELL,2017-09-02T05:33:34.633Z,0.01000000,ETH,0.07817,0.0000023451,0.0007793549,BTC
1413268,ETH-BTC,SELL,2017-09-02T05:41:04.841Z,0.01000000,ETH,0.07802,0.0000023406,0.0007778594,BTC
1413269,ETH-BTC,SELL,2017-09-02T05:41:06.402Z,0.01000000,ETH,0.07802,0.0000023406,0.0007778594,BTC
1413281,ETH-BTC,SELL,2017-09-02T05:41:47.312Z,0.01000000,ETH,0.07800,0.00000234,0.00077766,BTC
1413656,ETH-BTC,SELL,2017-09-02T05:47:02.417Z,0.01000000,ETH,0.07706,0,0.0007706,BTC
1413714,ETH-BTC,BUY,2017-09-02T05:51:05.302Z,0.01000000,ETH,0.07742,0.0000023226,-0.0007765226,BTC
1413715,ETH-BTC,BUY,2017-09-02T05:51:08.286Z,0.01000000,ETH,0.07742,0.0000023226,-0.0007765226,BTC
1413720,ETH-BTC,BUY,2017-09-02T05:51:11.392Z,0.01000000,ETH,0.07742,0.0000023226,-0.0007765226,BTC
1413721,ETH-BTC,BUY,2017-09-02T05:51:12.493Z,0.01000000,ETH,0.07742,0.0000023226,-0.0007765226,BTC
1413728,ETH-BTC,BUY,2017-09-02T05:51:15.893Z,0.01000000,ETH,0.07751,0.0000023253,-0.0007774253,BTC
1413729,ETH-BTC,BUY,2017-09-02T05:51:19.276Z,0.01000000,ETH,0.07751,0.0000023253,-0.0007774253,BTC
1413737,ETH-BTC,BUY,2017-09-02T05:51:20.650Z,0.01000000,ETH,0.07751,0.0000023253,-0.0007774253,BTC
1413739,ETH-BTC,BUY,2017-09-02T05:51:21.864Z,0.01000000,ETH,0.07751,0.0000023253,-0.0007774253,BTC
1413755,ETH-BTC,BUY,2017-09-02T05:52:01.579Z,0.01000000,ETH,0.07753,0.0000023259,-0.0007776259,BTC
1413756,ETH-BTC,BUY,2017-09-02T05:52:02.110Z,0.01000000,ETH,0.07753,0.0000023259,-0.0007776259,BTC
1413757,ETH-BTC,BUY,2017-09-02T05:52:04.653Z,0.01000000,ETH,0.07753,0.0000023259,-0.0007776259,BTC
1413758,ETH-BTC,BUY,2017-09-02T05:52:05.662Z,0.01000000,ETH,0.07753,0.0000023259,-0.0007776259,BTC
1413764,ETH-BTC,BUY,2017-09-02T05:52:07.057Z,0.01000000,ETH,0.07753,0.0000023259,-0.0007776259,BTC
1413774,ETH-BTC,BUY,2017-09-02T05:52:24.608Z,0.01000000,ETH,0.07748,0,-0.0007748,BTC
1413775,ETH-BTC,BUY,2017-09-02T05:52:25.562Z,0.01000000,ETH,0.07748,0.0000023244,-0.0007771244,BTC
1413776,ETH-BTC,BUY,2017-09-02T05:52:29.519Z,0.00114708,ETH,0.07748,0.0000002666272752,-0.0000891423856752,BTC
1413789,ETH-BTC,BUY,2017-09-02T05:52:43.664Z,0.00885292,ETH,0.07748,0,-0.0006859242416,BTC
1413790,ETH-BTC,BUY,2017-09-02T05:52:43.664Z,0.01000000,ETH,0.07748,0,-0.0007748,BTC
1413791,ETH-BTC,BUY,2017-09-02T05:52:43.664Z,0.00168208,ETH,0.07747,0,-0.0001303107376,BTC
1413792,ETH-BTC,BUY,2017-09-02T05:52:45.926Z,0.00831792,ETH,0.07747,0,-0.0006443892624,BTC
1413795,ETH-BTC,BUY,2017-09-02T05:52:46.692Z,0.01000000,ETH,0.07748,0.0000023244,-0.0007771244,BTC
1413802,ETH-BTC,BUY,2017-09-02T05:53:25.586Z,0.01000000,ETH,0.07744,0,-0.0007744,BTC
1413803,ETH-BTC,BUY,2017-09-02T05:53:25.586Z,0.01000000,ETH,0.07743,0,-0.0007743,BTC
1413816,ETH-BTC,BUY,2017-09-02T05:53:28.942Z,0.01000000,ETH,0.07740,0,-0.000774,BTC
1413827,ETH-BTC,BUY,2017-09-02T05:53:35.161Z,0.01000000,ETH,0.07743,0,-0.0007743,BTC
1413835,ETH-BTC,BUY,2017-09-02T05:53:50.124Z,0.01000000,ETH,0.07733,0,-0.0007733,BTC
1413961,ETH-BTC,SELL,2017-09-02T06:00:24.761Z,0.01000000,ETH,0.07711,0,0.0007711,BTC
1413963,ETH-BTC,SELL,2017-09-02T06:00:24.761Z,0.01000000,ETH,0.07717,0,0.0007717,BTC
1413965,ETH-BTC,SELL,2017-09-02T06:00:24.761Z,0.01000000,ETH,0.07718,0,0.0007718,BTC
1413966,ETH-BTC,SELL,2017-09-02T06:00:24.761Z,0.01000000,ETH,0.07720,0,0.000772,BTC
1414046,ETH-BTC,SELL,2017-09-02T06:04:54.141Z,0.01000000,ETH,0.07732,0,0.0007732,BTC
1414111,ETH-BTC,BUY,2017-09-02T06:08:57.559Z,0.01000000,ETH,0.07805,0,-0.0007805,BTC
1414114,ETH-BTC,BUY,2017-09-02T06:08:58.724Z,0.01000000,ETH,0.07807,0.0000023421,-0.0007830421,BTC
1414115,ETH-BTC,BUY,2017-09-02T06:09:00.775Z,0.01000000,ETH,0.07807,0.0000023421,-0.0007830421,BTC
1414119,ETH-BTC,BUY,2017-09-02T06:09:03.688Z,0.01000000,ETH,0.07808,0.0000023424,-0.0007831424,BTC
1414133,ETH-BTC,BUY,2017-09-02T06:10:46.228Z,0.01000000,ETH,0.07807,0,-0.0007807,BTC
1414141,ETH-BTC,SELL,2017-09-02T06:11:45.946Z,0.01000000,ETH,0.07818,0,0.0007818,BTC
1414174,ETH-BTC,SELL,2017-09-02T06:12:55.123Z,0.01000000,ETH,0.07821,0,0.0007821,BTC
1414175,ETH-BTC,SELL,2017-09-02T06:12:55.123Z,0.01000000,ETH,0.07822,0,0.0007822,BTC
1414186,ETH-BTC,SELL,2017-09-02T06:12:55.123Z,0.01000000,ETH,0.07843,0,0.0007843,BTC
1414201,ETH-BTC,BUY,2017-09-02T06:13:09.453Z,0.01000000,ETH,0.07798,0,-0.0007798,BTC
1414205,ETH-BTC,BUY,2017-09-02T06:13:22.808Z,0.01000000,ETH,0.07786,0,-0.0007786,BTC
1414243,ETH-BTC,SELL,2017-09-02T06:15:00.519Z,0.01000000,ETH,0.07766,0,0.0007766,BTC
1414244,ETH-BTC,SELL,2017-09-02T06:15:00.519Z,0.01000000,ETH,0.07767,0,0.0007767,BTC
1414249,ETH-BTC,SELL,2017-09-02T06:15:11.246Z,0.01000000,ETH,0.07770,0,0.000777,BTC
1414253,ETH-BTC,SELL,2017-09-02T06:15:26.784Z,0.01000000,ETH,0.07770,0,0.000777,BTC
1414281,ETH-BTC,BUY,2017-09-02T06:17:31.753Z,0.01000000,ETH,0.07758,0,-0.0007758,BTC
1414382,ETH-BTC,BUY,2017-09-02T06:27:10.434Z,0.01000000,ETH,0.07732,0,-0.0007732,BTC
1414383,ETH-BTC,BUY,2017-09-02T06:27:10.434Z,0.00373471,ETH,0.07729,0,-0.0002886557359,BTC
1414497,ETH-BTC,BUY,2017-09-02T06:33:22.774Z,0.01000000,ETH,0.07779,0,-0.0007779,BTC
1414498,ETH-BTC,BUY,2017-09-02T06:33:22.774Z,0.01000000,ETH,0.07778,0,-0.0007778,BTC
1414499,ETH-BTC,BUY,2017-09-02T06:33:22.774Z,0.01000000,ETH,0.07775,0,-0.0007775,BTC
1414504,ETH-BTC,BUY,2017-09-02T06:34:38.103Z,0.01000000,ETH,0.07772,0,-0.0007772,BTC
1414508,ETH-BTC,BUY,2017-09-02T06:35:08.681Z,0.01000000,ETH,0.07765,0,-0.0007765,BTC
1414678,ETH-BTC,BUY,2017-09-02T06:58:03.680Z,0.01000000,ETH,0.07804,0,-0.0007804,BTC
1414682,ETH-BTC,BUY,2017-09-02T06:58:13.407Z,0.00103541,ETH,0.07801,0,-0.0000807723341,BTC
1414685,ETH-BTC,SELL,2017-09-02T06:59:23.233Z,0.01000000,ETH,0.07824,0,0.0007824,BTC
1414686,ETH-BTC,SELL,2017-09-02T06:59:23.233Z,0.01000000,ETH,0.07825,0,0.0007825,BTC
1414774,ETH-BTC,SELL,2017-09-02T07:22:43.345Z,0.01000000,ETH,0.07860,0.000002358,0.000783642,BTC
1414776,ETH-BTC,SELL,2017-09-02T07:22:44.850Z,0.01000000,ETH,0.07860,0.000002358,0.000783642,BTC
1414777,ETH-BTC,SELL,2017-09-02T07:22:46.481Z,0.01000000,ETH,0.07860,0.000002358,0.000783642,BTC
1414780,ETH-BTC,SELL,2017-09-02T07:22:59.961Z,0.00212136,ETH,0.07858,0.0000005000894064,0.0001661963793936,BTC
1414804,ETH-BTC,BUY,2017-09-02T07:29:46.583Z,0.00896459,ETH,0.07801,0,-0.0006993276659,BTC
1414812,ETH-BTC,BUY,2017-09-02T07:30:09.882Z,0.01000000,ETH,0.07797,0,-0.0007797,BTC
1414813,ETH-BTC,BUY,2017-09-02T07:30:09.882Z,0.01000000,ETH,0.07793,0,-0.0007793,BTC
1414815,ETH-BTC,BUY,2017-09-02T07:30:09.882Z,0.01000000,ETH,0.07790,0,-0.000779,BTC
1414939,ETH-BTC,BUY,2017-09-02T07:52:30.287Z,0.01000000,ETH,0.07765,0,-0.0007765,BTC
1414940,ETH-BTC,BUY,2017-09-02T07:52:30.287Z,0.01000000,ETH,0.07765,0,-0.0007765,BTC
1415060,ETH-BTC,BUY,2017-09-02T08:08:23.007Z,0.00626529,ETH,0.07729,0,-0.0004842442641,BTC
1415359,ETH-BTC,BUY,2017-09-02T08:52:57.278Z,0.01000000,ETH,0.07682,0.0000023046,-0.0007705046,BTC
1415360,ETH-BTC,BUY,2017-09-02T08:52:58.646Z,0.00327903,ETH,0.07682,0.0000007556852538,-0.0002526507698538,BTC
1415361,ETH-BTC,BUY,2017-09-02T08:53:00.735Z,0.01000000,ETH,0.07683,0.0000023049,-0.0007706049,BTC
1415379,ETH-BTC,BUY,2017-09-02T08:57:15.715Z,0.01000000,ETH,0.07692,0.0000023076,-0.0007715076,BTC
1415381,ETH-BTC,BUY,2017-09-02T08:57:17.255Z,0.01000000,ETH,0.07692,0.0000023076,-0.0007715076,BTC
1415382,ETH-BTC,BUY,2017-09-02T08:57:18.818Z,0.01000000,ETH,0.07692,0.0000023076,-0.0007715076,BTC
1415384,ETH-BTC,BUY,2017-09-02T08:57:25.644Z,0.01000000,ETH,0.07696,0.0000023088,-0.0007719088,BTC
1415385,ETH-BTC,BUY,2017-09-02T08:57:27.163Z,0.00317000,ETH,0.07696,0.0000007318896,-0.0002446950896,BTC
1415386,ETH-BTC,BUY,2017-09-02T08:57:27.163Z,0.00683000,ETH,0.07696,0.0000015769104,-0.0005272137104,BTC
1415387,ETH-BTC,BUY,2017-09-02T08:57:28.822Z,0.01000000,ETH,0.07696,0.0000023088,-0.0007719088,BTC
1415388,ETH-BTC,BUY,2017-09-02T08:57:30.663Z,0.01000000,ETH,0.07696,0.0000023088,-0.0007719088,BTC
1415389,ETH-BTC,BUY,2017-09-02T08:57:32.140Z,0.01000000,ETH,0.07696,0.0000023088,-0.0007719088,BTC
1415391,ETH-BTC,BUY,2017-09-02T08:57:33.680Z,0.01000000,ETH,0.07696,0.0000023088,-0.0007719088,BTC
1415392,ETH-BTC,BUY,2017-09-02T08:57:35.636Z,0.01000000,ETH,0.07696,0.0000023088,-0.0007719088,BTC
1415393,ETH-BTC,BUY,2017-09-02T08:57:37.312Z,0.01000000,ETH,0.07696,0.0000023088,-0.0007719088,BTC
1415394,ETH-BTC,BUY,2017-09-02T08:57:38.648Z,0.01000000,ETH,0.07696,0.0000023088,-0.0007719088,BTC
1415396,ETH-BTC,BUY,2017-09-02T08:57:40.622Z,0.01000000,ETH,0.07696,0.0000023088,-0.0007719088,BTC
1415397,ETH-BTC,BUY,2017-09-02T08:57:42.163Z,0.01000000,ETH,0.07696,0.0000023088,-0.0007719088,BTC
1415398,ETH-BTC,BUY,2017-09-02T08:57:43.749Z,0.01000000,ETH,0.07696,0.0000023088,-0.0007719088,BTC
1415399,ETH-BTC,BUY,2017-09-02T08:57:45.705Z,0.01000000,ETH,0.07696,0.0000023088,-0.0007719088,BTC
1415400,ETH-BTC,BUY,2017-09-02T08:57:47.125Z,0.01000000,ETH,0.07696,0.0000023088,-0.0007719088,BTC
1415401,ETH-BTC,BUY,2017-09-02T08:57:48.590Z,0.01000000,ETH,0.07696,0.0000023088,-0.0007719088,BTC
1415402,ETH-BTC,BUY,2017-09-02T08:57:50.792Z,0.01000000,ETH,0.07696,0.0000023088,-0.0007719088,BTC
1415403,ETH-BTC,BUY,2017-09-02T08:57:52.122Z,0.01000000,ETH,0.07696,0.0000023088,-0.0007719088,BTC
1415404,ETH-BTC,BUY,2017-09-02T08:57:53.681Z,0.01000000,ETH,0.07696,0.0000023088,-0.0007719088,BTC
1415405,ETH-BTC,BUY,2017-09-02T08:57:55.720Z,0.01000000,ETH,0.07696,0.0000023088,-0.0007719088,BTC
1415406,ETH-BTC,BUY,2017-09-02T08:57:57.366Z,0.01000000,ETH,0.07696,0.0000023088,-0.0007719088,BTC
1415407,ETH-BTC,BUY,2017-09-02T08:57:58.659Z,0.01000000,ETH,0.07696,0.0000023088,-0.0007719088,BTC
1415408,ETH-BTC,BUY,2017-09-02T08:58:00.628Z,0.01000000,ETH,0.07696,0.0000023088,-0.0007719088,BTC
1415409,ETH-BTC,BUY,2017-09-02T08:58:02.159Z,0.01000000,ETH,0.07696,0.0000023088,-0.0007719088,BTC
1415410,ETH-BTC,BUY,2017-09-02T08:58:03.603Z,0.01000000,ETH,0.07696,0.0000023088,-0.0007719088,BTC
1415411,ETH-BTC,BUY,2017-09-02T08:58:05.702Z,0.01000000,ETH,0.07696,0.0000023088,-0.0007719088,BTC
1415412,ETH-BTC,BUY,2017-09-02T08:58:07.118Z,0.01000000,ETH,0.07696,0.0000023088,-0.0007719088,BTC
1415413,ETH-BTC,BUY,2017-09-02T08:58:08.618Z,0.01000000,ETH,0.07696,0.0000023088,-0.0007719088,BTC
1415414,ETH-BTC,BUY,2017-09-02T08:58:10.728Z,0.01000000,ETH,0.07696,0.0000023088,-0.0007719088,BTC
1415415,ETH-BTC,BUY,2017-09-02T08:58:12.160Z,0.01000000,ETH,0.07696,0.0000023088,-0.0007719088,BTC
1415416,ETH-BTC,BUY,2017-09-02T08:58:13.747Z,0.01000000,ETH,0.07696,0.0000023088,-0.0007719088,BTC
1415417,ETH-BTC,BUY,2017-09-02T08:58:15.622Z,0.01000000,ETH,0.07696,0.0000023088,-0.0007719088,BTC
1415418,ETH-BTC,BUY,2017-09-02T08:58:17.306Z,0.01000000,ETH,0.07696,0.0000023088,-0.0007719088,BTC
1415419,ETH-BTC,BUY,2017-09-02T08:58:18.622Z,0.01000000,ETH,0.07696,0.0000023088,-0.0007719088,BTC
1415420,ETH-BTC,BUY,2017-09-02T08:58:20.688Z,0.01000000,ETH,0.07696,0.0000023088,-0.0007719088,BTC
1415421,ETH-BTC,BUY,2017-09-02T08:58:22.139Z,0.01000000,ETH,0.07696,0.0000023088,-0.0007719088,BTC
1415422,ETH-BTC,BUY,2017-09-02T08:58:23.705Z,0.01000000,ETH,0.07696,0.0000023088,-0.0007719088,BTC
1415423,ETH-BTC,BUY,2017-09-02T08:58:25.655Z,0.01000000,ETH,0.07696,0.0000023088,-0.0007719088,BTC
1415424,ETH-BTC,BUY,2017-09-02T08:58:27.149Z,0.01000000,ETH,0.07696,0.0000023088,-0.0007719088,BTC
1415425,ETH-BTC,BUY,2017-09-02T08:58:28.656Z,0.01000000,ETH,0.07696,0.0000023088,-0.0007719088,BTC
1415426,ETH-BTC,BUY,2017-09-02T08:58:30.622Z,0.01000000,ETH,0.07696,0.0000023088,-0.0007719088,BTC
1415465,ETH-BTC,SELL,2017-09-02T09:06:54.898Z,0.01000000,ETH,0.07728,0.0000023184,0.0007704816,BTC
1415466,ETH-BTC,SELL,2017-09-02T09:06:56.370Z,0.01000000,ETH,0.07728,0.0000023184,0.0007704816,BTC
1415467,ETH-BTC,SELL,2017-09-02T09:06:57.946Z,0.01000000,ETH,0.07728,0.0000023184,0.0007704816,BTC
1415469,ETH-BTC,SELL,2017-09-02T09:06:59.431Z,0.01000000,ETH,0.07728,0.0000023184,0.0007704816,BTC
1415490,ETH-BTC,BUY,2017-09-02T09:09:41.288Z,0.01000000,ETH,0.07696,0,-0.0007696,BTC
1415493,ETH-BTC,BUY,2017-09-02T09:10:07.831Z,0.01000000,ETH,0.07693,0,-0.0007693,BTC
1415549,ETH-BTC,SELL,2017-09-02T09:28:52.153Z,0.01000000,ETH,0.07728,0,0.0007728,BTC
1415586,ETH-BTC,BUY,2017-09-02T09:33:17.653Z,0.01000000,ETH,0.07692,0,-0.0007692,BTC
1415591,ETH-BTC,BUY,2017-09-02T09:34:32.904Z,0.01000000,ETH,0.07690,0,-0.000769,BTC
1415597,ETH-BTC,BUY,2017-09-02T09:35:06.182Z,0.01000000,ETH,0.07685,0,-0.0007685,BTC
1415601,ETH-BTC,BUY,2017-09-02T09:36:52.778Z,0.01000000,ETH,0.07683,0,-0.0007683,BTC
1415607,ETH-BTC,BUY,2017-09-02T09:37:34.336Z,0.00672097,ETH,0.07682,0,-0.0005163049154,BTC
1416089,ETH-BTC,SELL,2017-09-02T12:04:22.683Z,0.01000000,ETH,0.07717,0.0000023151,0.0007693849,BTC
1416090,ETH-BTC,SELL,2017-09-02T12:04:23.971Z,0.01000000,ETH,0.07717,0.0000023151,0.0007693849,BTC
1416091,ETH-BTC,SELL,2017-09-02T12:04:24.897Z,0.01000000,ETH,0.07717,0.0000023151,0.0007693849,BTC
1416092,ETH-BTC,SELL,2017-09-02T12:04:26.141Z,0.01000000,ETH,0.07717,0.0000023151,0.0007693849,BTC
1416093,ETH-BTC,SELL,2017-09-02T12:04:28.376Z,0.01000000,ETH,0.07717,0.0000023151,0.0007693849,BTC
1416094,ETH-BTC,SELL,2017-09-02T12:04:29.579Z,0.01000000,ETH,0.07717,0.0000023151,0.0007693849,BTC
1416230,ETH-BTC,BUY,2017-09-02T12:35:44.775Z,0.01000000,ETH,0.07719,0.0000023157,-0.0007742157,BTC
1416231,ETH-BTC,BUY,2017-09-02T12:35:45.638Z,0.01000000,ETH,0.07719,0.0000023157,-0.0007742157,BTC
1416232,ETH-BTC,BUY,2017-09-02T12:35:47.095Z,0.01000000,ETH,0.07719,0.0000023157,-0.0007742157,BTC
1416233,ETH-BTC,BUY,2017-09-02T12:35:48.057Z,0.01000000,ETH,0.07719,0.0000023157,-0.0007742157,BTC
1416234,ETH-BTC,BUY,2017-09-02T12:35:49.293Z,0.01000000,ETH,0.07719,0.0000023157,-0.0007742157,BTC
1416235,ETH-BTC,BUY,2017-09-02T12:35:50.228Z,0.01000000,ETH,0.07719,0.0000023157,-0.0007742157,BTC
1416236,ETH-BTC,BUY,2017-09-02T12:35:51.672Z,0.01000000,ETH,0.07719,0.0000023157,-0.0007742157,BTC
1416237,ETH-BTC,BUY,2017-09-02T12:35:52.463Z,0.01000000,ETH,0.07719,0.0000023157,-0.0007742157,BTC
1416238,ETH-BTC,BUY,2017-09-02T12:35:54.129Z,0.01000000,ETH,0.07719,0.0000023157,-0.0007742157,BTC
1416239,ETH-BTC,BUY,2017-09-02T12:35:54.902Z,0.01000000,ETH,0.07719,0.0000023157,-0.0007742157,BTC
1416240,ETH-BTC,BUY,2017-09-02T12:35:56.368Z,0.01000000,ETH,0.07719,0.0000023157,-0.0007742157,BTC
1416241,ETH-BTC,BUY,2017-09-02T12:35:57.419Z,0.01000000,ETH,0.07719,0.0000023157,-0.0007742157,BTC
1416242,ETH-BTC,BUY,2017-09-02T12:35:58.529Z,0.01000000,ETH,0.07719,0.0000023157,-0.0007742157,BTC
1416243,ETH-BTC,BUY,2017-09-02T12:35:59.577Z,0.01000000,ETH,0.07719,0.0000023157,-0.0007742157,BTC
1416244,ETH-BTC,BUY,2017-09-02T12:36:00.741Z,0.01000000,ETH,0.07719,0.0000023157,-0.0007742157,BTC
1416245,ETH-BTC,BUY,2017-09-02T12:36:01.821Z,0.01000000,ETH,0.07719,0.0000023157,-0.0007742157,BTC
1416246,ETH-BTC,BUY,2017-09-02T12:36:03.069Z,0.01000000,ETH,0.07719,0.0000023157,-0.0007742157,BTC
1416247,ETH-BTC,BUY,2017-09-02T12:36:04.157Z,0.01000000,ETH,0.07719,0.0000023157,-0.0007742157,BTC
1416248,ETH-BTC,BUY,2017-09-02T12:36:05.552Z,0.01000000,ETH,0.07719,0.0000023157,-0.0007742157,BTC
1416249,ETH-BTC,BUY,2017-09-02T12:36:06.351Z,0.01000000,ETH,0.07719,0.0000023157,-0.0007742157,BTC
1416250,ETH-BTC,BUY,2017-09-02T12:36:07.758Z,0.01000000,ETH,0.07719,0.0000023157,-0.0007742157,BTC
1416251,ETH-BTC,BUY,2017-09-02T12:36:08.742Z,0.01000000,ETH,0.07719,0.0000023157,-0.0007742157,BTC
1416252,ETH-BTC,BUY,2017-09-02T12:36:09.987Z,0.01000000,ETH,0.07719,0.0000023157,-0.0007742157,BTC
1416253,ETH-BTC,BUY,2017-09-02T12:36:10.946Z,0.01000000,ETH,0.07719,0.0000023157,-0.0007742157,BTC
1416254,ETH-BTC,BUY,2017-09-02T12:36:30.204Z,0.01000000,ETH,0.07719,0.0000023157,-0.0007742157,BTC
1416255,ETH-BTC,BUY,2017-09-02T12:36:31.403Z,0.01000000,ETH,0.07719,0.0000023157,-0.0007742157,BTC
1416256,ETH-BTC,BUY,2017-09-02T12:36:32.374Z,0.01000000,ETH,0.07719,0.0000023157,-0.0007742157,BTC
1416355,ETH-BTC,BUY,2017-09-02T12:51:40.710Z,0.01000000,ETH,0.07742,0,-0.0007742,BTC
1416384,ETH-BTC,BUY,2017-09-02T13:05:11.130Z,0.01000000,ETH,0.07719,0,-0.0007719,BTC
1416409,ETH-BTC,SELL,2017-09-02T13:42:14.602Z,0.01000000,ETH,0.07724,0.0000023172,0.0007700828,BTC
1416410,ETH-BTC,SELL,2017-09-02T13:42:14.957Z,0.01000000,ETH,0.07724,0.0000023172,0.0007700828,BTC
1416411,ETH-BTC,SELL,2017-09-02T13:42:17.472Z,0.01000000,ETH,0.07724,0.0000023172,0.0007700828,BTC
1416412,ETH-BTC,SELL,2017-09-02T13:42:17.936Z,0.01000000,ETH,0.07724,0.0000023172,0.0007700828,BTC
1416424,ETH-BTC,SELL,2017-09-02T13:55:21.298Z,0.01000000,ETH,0.07721,0,0.0007721,BTC
1416427,ETH-BTC,SELL,2017-09-02T13:55:21.298Z,0.01000000,ETH,0.07725,0,0.0007725,BTC
1416428,ETH-BTC,SELL,2017-09-02T13:55:21.298Z,0.01000000,ETH,0.07725,0,0.0007725,BTC
1416495,ETH-BTC,BUY,2017-09-02T14:16:08.842Z,0.01000000,ETH,0.07714,0,-0.0007714,BTC
1416715,ETH-BTC,SELL,2017-09-02T14:28:55.287Z,0.01000000,ETH,0.07648,0.0000022944,0.0007625056,BTC
1416991,ETH-BTC,SELL,2017-09-02T14:41:21.294Z,0.01000000,ETH,0.07603,0,0.0007603,BTC
1416995,ETH-BTC,SELL,2017-09-02T14:41:32.432Z,0.01000000,ETH,0.07600,0.00000228,0.00075772,BTC
1416997,ETH-BTC,SELL,2017-09-02T14:41:33.174Z,0.01000000,ETH,0.07600,0.00000228,0.00075772,BTC
1417002,ETH-BTC,SELL,2017-09-02T14:41:36.721Z,0.00000007,ETH,0.07600,0.00000000001596,0.00000000530404,BTC
1417050,ETH-BTC,SELL,2017-09-02T14:42:16.599Z,0.01000000,ETH,0.07584,0.0000022752,0.0007561248,BTC
1417051,ETH-BTC,SELL,2017-09-02T14:42:18.181Z,0.01000000,ETH,0.07584,0.0000022752,0.0007561248,BTC
1417053,ETH-BTC,SELL,2017-09-02T14:42:21.385Z,0.01000000,ETH,0.07584,0.0000022752,0.0007561248,BTC
1417073,ETH-BTC,SELL,2017-09-02T14:43:27.567Z,0.01000000,ETH,0.07574,0.0000022722,0.0007551278,BTC
1417074,ETH-BTC,SELL,2017-09-02T14:43:28.519Z,0.01000000,ETH,0.07573,0.0000022719,0.0007550281,BTC
1417202,ETH-BTC,SELL,2017-09-02T14:47:34.313Z,0.01000000,ETH,0.07580,0,0.000758,BTC
1417247,ETH-BTC,BUY,2017-09-02T14:49:30.832Z,0.01000000,ETH,0.07575,0,-0.0007575,BTC
1417248,ETH-BTC,BUY,2017-09-02T14:49:30.832Z,0.01000000,ETH,0.07569,0,-0.0007569,BTC
1417252,ETH-BTC,BUY,2017-09-02T14:50:26.299Z,0.01000000,ETH,0.07572,0,-0.0007572,BTC
1417267,ETH-BTC,BUY,2017-09-02T14:51:34.235Z,0.01000000,ETH,0.07569,0,-0.0007569,BTC
1417439,ETH-BTC,SELL,2017-09-02T15:03:37.208Z,0.01000000,ETH,0.07550,0.000002265,0.000752735,BTC
1417565,ETH-BTC,SELL,2017-09-02T15:19:20.718Z,0.00003665,ETH,0.07502,0,0.000002749483,BTC
1417566,ETH-BTC,SELL,2017-09-02T15:19:38.828Z,0.00996335,ETH,0.07502,0,0.000747450517,BTC
1417595,ETH-BTC,SELL,2017-09-02T15:22:55.984Z,0.01000000,ETH,0.07519,0,0.0007519,BTC
1417671,ETH-BTC,SELL,2017-09-02T15:34:19.676Z,0.01000000,ETH,0.07545,0,0.0007545,BTC
1417672,ETH-BTC,SELL,2017-09-02T15:34:19.676Z,0.01000000,ETH,0.07546,0,0.0007546,BTC
1417734,ETH-BTC,SELL,2017-09-02T15:44:18.775Z,0.00999993,ETH,0.07600,0,0.00075999468,BTC
1417737,ETH-BTC,SELL,2017-09-02T15:44:18.775Z,0.01000000,ETH,0.07605,0,0.0007605,BTC
1417801,ETH-BTC,BUY,2017-09-02T15:48:26.699Z,0.01000000,ETH,0.07640,0.000002292,-0.000766292,BTC
1417803,ETH-BTC,BUY,2017-09-02T15:49:15.150Z,0.01000000,ETH,0.07639,0,-0.0007639,BTC
1417858,ETH-BTC,SELL,2017-09-02T15:53:22.917Z,0.01000000,ETH,0.07673,0,0.0007673,BTC
1417892,ETH-BTC,BUY,2017-09-02T15:55:01.947Z,0.01000000,ETH,0.07672,0,-0.0007672,BTC
1417913,ETH-BTC,SELL,2017-09-02T15:59:53.723Z,0.01000000,ETH,0.07667,0,0.0007667,BTC
1417915,ETH-BTC,SELL,2017-09-02T15:59:59.609Z,0.01000000,ETH,0.07670,0,0.000767,BTC
1417916,ETH-BTC,SELL,2017-09-02T15:59:59.609Z,0.01000000,ETH,0.07671,0,0.0007671,BTC
1417917,ETH-BTC,SELL,2017-09-02T15:59:59.609Z,0.01000000,ETH,0.07673,0,0.0007673,BTC
1417940,ETH-BTC,SELL,2017-09-02T16:03:25.570Z,0.01000000,ETH,0.07642,0.0000022926,0.0007619074,BTC
1417941,ETH-BTC,SELL,2017-09-02T16:03:26.554Z,0.01000000,ETH,0.07642,0.0000022926,0.0007619074,BTC
1417942,ETH-BTC,SELL,2017-09-02T16:03:27.824Z,0.01000000,ETH,0.07642,0.0000022926,0.0007619074,BTC
1417943,ETH-BTC,SELL,2017-09-02T16:03:28.851Z,0.00210696,ETH,0.07642,0.0000004830416496,0.0001605308415504,BTC
1417944,ETH-BTC,SELL,2017-09-02T16:04:07.263Z,0.01000000,ETH,0.07636,0.0000022908,0.0007613092,BTC
1417945,ETH-BTC,SELL,2017-09-02T16:04:08.159Z,0.00255000,ETH,0.07636,0.000000584154,0.000194133846,BTC
1417949,ETH-BTC,BUY,2017-09-02T16:04:44.264Z,0.01000000,ETH,0.07618,0,-0.0007618,BTC
1418044,ETH-BTC,SELL,2017-09-02T16:27:48.946Z,0.01000000,ETH,0.07539,0.0000022617,0.0007516383,BTC
1418079,ETH-BTC,BUY,2017-09-02T16:32:28.434Z,0.01000000,ETH,0.07510,0,-0.000751,BTC
1418108,ETH-BTC,BUY,2017-09-02T16:37:30.205Z,0.01000000,ETH,0.07518,0.0000022554,-0.0007540554,BTC
1418109,ETH-BTC,BUY,2017-09-02T16:37:31.477Z,0.01000000,ETH,0.07518,0.0000022554,-0.0007540554,BTC
1418110,ETH-BTC,BUY,2017-09-02T16:37:32.585Z,0.01000000,ETH,0.07518,0.0000022554,-0.0007540554,BTC
1418111,ETH-BTC,BUY,2017-09-02T16:37:33.817Z,0.01000000,ETH,0.07518,0.0000022554,-0.0007540554,BTC
1418112,ETH-BTC,BUY,2017-09-02T16:37:34.878Z,0.01000000,ETH,0.07518,0.0000022554,-0.0007540554,BTC
1418113,ETH-BTC,BUY,2017-09-02T16:37:36.309Z,0.01000000,ETH,0.07518,0.0000022554,-0.0007540554,BTC
1418114,ETH-BTC,BUY,2017-09-02T16:37:37.129Z,0.01000000,ETH,0.07518,0.0000022554,-0.0007540554,BTC
1418115,ETH-BTC,BUY,2017-09-02T16:37:38.761Z,0.01000000,ETH,0.07518,0.0000022554,-0.0007540554,BTC
1418116,ETH-BTC,BUY,2017-09-02T16:37:39.547Z,0.01000000,ETH,0.07518,0.0000022554,-0.0007540554,BTC
1418281,ETH-BTC,SELL,2017-09-02T17:20:12.684Z,0.01000000,ETH,0.07530,0.000002259,0.000750741,BTC
1418284,ETH-BTC,SELL,2017-09-02T17:23:30.094Z,0.01000000,ETH,0.07530,0,0.000753,BTC
1418417,ETH-BTC,SELL,2017-09-02T18:04:41.564Z,0.01000000,ETH,0.07556,0,0.0007556,BTC
1418418,ETH-BTC,SELL,2017-09-02T18:04:41.564Z,0.01000000,ETH,0.07557,0,0.0007557,BTC
1418697,ETH-BTC,BUY,2017-09-02T19:25:39.289Z,0.01000000,ETH,0.07528,0.0000022584,-0.0007550584,BTC
1418698,ETH-BTC,BUY,2017-09-02T19:25:40.509Z,0.00163000,ETH,0.07528,0.0000003681192,-0.0001230745192,BTC
1418712,ETH-BTC,BUY,2017-09-02T19:34:12.097Z,0.01000000,ETH,0.07532,0,-0.0007532,BTC
1418714,ETH-BTC,BUY,2017-09-02T19:34:12.097Z,0.00881052,ETH,0.07529,0,-0.0006633440508,BTC
1418761,ETH-BTC,BUY,2017-09-02T19:55:46.915Z,0.00118948,ETH,0.07529,0,-0.0000895559492,BTC
1418762,ETH-BTC,BUY,2017-09-02T19:56:27.644Z,0.00837000,ETH,0.07528,0,-0.0006300936,BTC
1418763,ETH-BTC,BUY,2017-09-02T19:56:27.644Z,0.01000000,ETH,0.07525,0,-0.0007525,BTC
1418926,ETH-BTC,SELL,2017-09-02T20:27:45.364Z,0.01000000,ETH,0.07499,0.0000022497,0.0007476503,BTC
1419020,ETH-BTC,SELL,2017-09-02T20:35:25.356Z,0.01000000,ETH,0.07459,0.0000022377,0.0007436623,BTC
1419060,ETH-BTC,SELL,2017-09-02T20:42:30.863Z,0.01000000,ETH,0.07462,0,0.0007462,BTC
1419363,ETH-BTC,SELL,2017-09-02T21:15:43.341Z,0.01000000,ETH,0.07395,0,0.0007395,BTC
1419364,ETH-BTC,SELL,2017-09-02T21:15:43.341Z,0.01000000,ETH,0.07396,0,0.0007396,BTC
1419400,ETH-BTC,SELL,2017-09-02T21:19:10.569Z,0.01000000,ETH,0.07381,0,0.0007381,BTC
1419404,ETH-BTC,SELL,2017-09-02T21:19:28.162Z,0.00127325,ETH,0.07380,0,0.00009396585,BTC
1419677,ETH-BTC,SELL,2017-09-02T21:41:23.279Z,0.00697112,ETH,0.07380,0,0.000514468656,BTC
1419678,ETH-BTC,SELL,2017-09-02T21:41:24.339Z,0.00175563,ETH,0.07380,0,0.000129565494,BTC
1419680,ETH-BTC,SELL,2017-09-02T21:41:24.339Z,0.01000000,ETH,0.07381,0,0.0007381,BTC
1419701,ETH-BTC,SELL,2017-09-02T21:43:25.479Z,0.01000000,ETH,0.07392,0,0.0007392,BTC
1419713,ETH-BTC,SELL,2017-09-02T21:43:33.089Z,0.01000000,ETH,0.07401,0,0.0007401,BTC
1419810,ETH-BTC,SELL,2017-09-02T21:53:52.164Z,0.01500000,ETH,0.07426,0.0000033417,0.0011105583,BTC
1419811,ETH-BTC,SELL,2017-09-02T21:53:53.058Z,0.01000000,ETH,0.07426,0.0000022278,0.0007403722,BTC
1419840,ETH-BTC,SELL,2017-09-02T21:58:35.507Z,0.01500000,ETH,0.07407,0.00000333315,0.00110771685,BTC
1419841,ETH-BTC,SELL,2017-09-02T21:58:36.465Z,0.01000000,ETH,0.07407,0.0000022221,0.0007384779,BTC
1419868,ETH-BTC,BUY,2017-09-02T22:02:16.147Z,0.01000000,ETH,0.07379,0.0000022137,-0.0007401137,BTC
1419869,ETH-BTC,BUY,2017-09-02T22:02:18.120Z,0.01000000,ETH,0.07379,0.0000022137,-0.0007401137,BTC
1419870,ETH-BTC,BUY,2017-09-02T22:02:20.626Z,0.01000000,ETH,0.07379,0.0000022137,-0.0007401137,BTC
1419872,ETH-BTC,BUY,2017-09-02T22:02:22.827Z,0.01000000,ETH,0.07379,0.0000022137,-0.0007401137,BTC
1419891,ETH-BTC,BUY,2017-09-02T22:05:56.107Z,0.01500000,ETH,0.07377,0,-0.00110655,BTC
1419895,ETH-BTC,BUY,2017-09-02T22:06:07.977Z,0.01000000,ETH,0.07375,0,-0.0007375,BTC
1419914,ETH-BTC,BUY,2017-09-02T22:13:20.662Z,0.01070000,ETH,0.07414,0.000002379894,-0.000795677894,BTC
1419915,ETH-BTC,BUY,2017-09-02T22:13:22.860Z,0.01500000,ETH,0.07415,0.00000333675,-0.00111558675,BTC
1419916,ETH-BTC,BUY,2017-09-02T22:13:25.161Z,0.01500000,ETH,0.07415,0.00000333675,-0.00111558675,BTC
1419918,ETH-BTC,BUY,2017-09-02T22:13:27.307Z,0.01500000,ETH,0.07415,0.00000333675,-0.00111558675,BTC
1419919,ETH-BTC,BUY,2017-09-02T22:13:29.453Z,0.01500000,ETH,0.07415,0.00000333675,-0.00111558675,BTC
1419950,ETH-BTC,BUY,2017-09-02T22:18:40.219Z,0.01500000,ETH,0.07465,0.00000335925,-0.00112310925,BTC
1419989,ETH-BTC,BUY,2017-09-02T22:24:38.127Z,0.01500000,ETH,0.07463,0,-0.00111945,BTC
1420005,ETH-BTC,SELL,2017-09-02T22:28:58.056Z,0.01000000,ETH,0.07499,0,0.0007499,BTC
1420030,ETH-BTC,BUY,2017-09-02T22:31:32.924Z,0.01500000,ETH,0.07501,0.00000337545,-0.00112852545,BTC
1420031,ETH-BTC,BUY,2017-09-02T22:31:33.856Z,0.01500000,ETH,0.07501,0.00000337545,-0.00112852545,BTC
1420032,ETH-BTC,BUY,2017-09-02T22:31:50.229Z,0.01099000,ETH,0.07503,0.0000024737391,-0.0008270534391,BTC
1420033,ETH-BTC,BUY,2017-09-02T22:31:50.229Z,0.00401000,ETH,0.07503,0.0000009026109,-0.0003017729109,BTC
1420034,ETH-BTC,BUY,2017-09-02T22:31:51.134Z,0.01500000,ETH,0.07503,0.00000337635,-0.00112882635,BTC
1420035,ETH-BTC,BUY,2017-09-02T22:31:52.719Z,0.01451900,ETH,0.07503,0.00000326808171,-0.00109262865171,BTC
1420220,ETH-BTC,SELL,2017-09-02T22:46:37.179Z,0.01500000,ETH,0.07588,0,0.0011382,BTC
1420221,ETH-BTC,SELL,2017-09-02T22:46:37.179Z,0.01500000,ETH,0.07588,0,0.0011382,BTC
1420222,ETH-BTC,SELL,2017-09-02T22:46:37.179Z,0.01500000,ETH,0.07589,0,0.00113835,BTC
1420223,ETH-BTC,SELL,2017-09-02T22:46:37.179Z,0.01500000,ETH,0.07589,0,0.00113835,BTC
1420224,ETH-BTC,SELL,2017-09-02T22:46:44.566Z,0.01500000,ETH,0.07591,0,0.00113865,BTC
1420225,ETH-BTC,SELL,2017-09-02T22:46:44.566Z,0.01500000,ETH,0.07591,0,0.00113865,BTC
1420226,ETH-BTC,SELL,2017-09-02T22:46:44.566Z,0.01500000,ETH,0.07593,0,0.00113895,BTC
1420227,ETH-BTC,SELL,2017-09-02T22:46:44.566Z,0.01500000,ETH,0.07593,0,0.00113895,BTC
1420245,ETH-BTC,SELL,2017-09-02T22:48:42.855Z,0.01500000,ETH,0.07550,0.0000033975,0.0011291025,BTC
1420246,ETH-BTC,SELL,2017-09-02T22:48:43.171Z,0.01500000,ETH,0.07550,0.0000033975,0.0011291025,BTC
1420257,ETH-BTC,SELL,2017-09-02T22:52:49.652Z,0.01500000,ETH,0.07549,0,0.00113235,BTC
1420258,ETH-BTC,SELL,2017-09-02T22:52:49.652Z,0.01500000,ETH,0.07549,0,0.00113235,BTC
1420262,ETH-BTC,BUY,2017-09-02T22:55:47.668Z,0.01500000,ETH,0.07539,0,-0.00113085,BTC
1420263,ETH-BTC,BUY,2017-09-02T22:55:47.668Z,0.01500000,ETH,0.07539,0,-0.00113085,BTC
1420265,ETH-BTC,BUY,2017-09-02T22:55:47.668Z,0.01500000,ETH,0.07536,0,-0.0011304,BTC
1420266,ETH-BTC,BUY,2017-09-02T22:55:47.668Z,0.01500000,ETH,0.07536,0,-0.0011304,BTC
1420279,ETH-BTC,SELL,2017-09-02T23:02:23.536Z,0.01500000,ETH,0.07534,0.0000033903,0.0011267097,BTC
1420280,ETH-BTC,SELL,2017-09-02T23:02:23.774Z,0.00059994,ETH,0.07534,0.0000001355984388,0.0000450638811612,BTC
1420281,ETH-BTC,SELL,2017-09-02T23:02:51.332Z,0.01225000,ETH,0.07532,0.00000276801,0.00091990199,BTC
1420287,ETH-BTC,SELL,2017-09-02T23:04:27.123Z,0.01500000,ETH,0.07531,0,0.00112965,BTC
1420288,ETH-BTC,SELL,2017-09-02T23:04:27.123Z,0.01500000,ETH,0.07531,0,0.00112965,BTC
1420289,ETH-BTC,SELL,2017-09-02T23:04:27.123Z,0.00275000,ETH,0.07532,0,0.00020713,BTC
1420290,ETH-BTC,SELL,2017-09-02T23:04:27.123Z,0.01500000,ETH,0.07532,0,0.0011298,BTC
1420291,ETH-BTC,SELL,2017-09-02T23:04:27.123Z,0.01440006,ETH,0.07534,0,0.0010849005204,BTC
1420299,ETH-BTC,BUY,2017-09-02T23:07:43.477Z,0.01500000,ETH,0.07540,0.000003393,-0.001134393,BTC
1420300,ETH-BTC,BUY,2017-09-02T23:07:43.698Z,0.01500000,ETH,0.07540,0.000003393,-0.001134393,BTC
1420301,ETH-BTC,BUY,2017-09-02T23:07:46.297Z,0.01500000,ETH,0.07540,0.000003393,-0.001134393,BTC
1420305,ETH-BTC,SELL,2017-09-02T23:07:46.365Z,0.00264369,ETH,0.07549,0,0.0001995721581,BTC
1420306,ETH-BTC,SELL,2017-09-02T23:07:46.452Z,0.01235631,ETH,0.07549,0,0.0009327778419,BTC
1420307,ETH-BTC,SELL,2017-09-02T23:07:46.452Z,0.01500000,ETH,0.07549,0,0.00113235,BTC
1420308,ETH-BTC,SELL,2017-09-02T23:07:57.725Z,0.01500000,ETH,0.07555,0,0.00113325,BTC
1420309,ETH-BTC,SELL,2017-09-02T23:07:57.725Z,0.01500000,ETH,0.07555,0,0.00113325,BTC
1420310,ETH-BTC,SELL,2017-09-02T23:07:57.725Z,0.01500000,ETH,0.07556,0,0.0011334,BTC
1420311,ETH-BTC,SELL,2017-09-02T23:07:57.725Z,0.01500000,ETH,0.07556,0,0.0011334,BTC
1420312,ETH-BTC,SELL,2017-09-02T23:10:21.358Z,0.01100000,ETH,0.07571,0.00000249843,0.00083031157,BTC
1420313,ETH-BTC,SELL,2017-09-02T23:10:21.358Z,0.00400000,ETH,0.07571,0.00000090852,0.00030193148,BTC
1420314,ETH-BTC,SELL,2017-09-02T23:10:21.602Z,0.01500000,ETH,0.07571,0.00000340695,0.00113224305,BTC
1420315,ETH-BTC,SELL,2017-09-02T23:10:24.246Z,0.01500000,ETH,0.07571,0.00000340695,0.00113224305,BTC
1420316,ETH-BTC,SELL,2017-09-02T23:10:24.459Z,0.01500000,ETH,0.07571,0.00000340695,0.00113224305,BTC
1420344,ETH-BTC,BUY,2017-09-02T23:28:04.082Z,0.01500000,ETH,0.07540,0,-0.001131,BTC
1420703,ETH-BTC,SELL,2017-09-03T00:45:15.067Z,0.01000000,ETH,0.07648,0,0.0007648,BTC
1420704,ETH-BTC,SELL,2017-09-03T00:45:15.067Z,0.01000000,ETH,0.07648,0,0.0007648,BTC
1420705,ETH-BTC,SELL,2017-09-03T00:45:15.067Z,0.01000000,ETH,0.07648,0,0.0007648,BTC
1420830,ETH-BTC,SELL,2017-09-03T01:12:46.511Z,0.01500000,ETH,0.07652,0,0.0011478,BTC
1420831,ETH-BTC,SELL,2017-09-03T01:12:46.511Z,0.01500000,ETH,0.07652,0,0.0011478,BTC
1420832,ETH-BTC,SELL,2017-09-03T01:12:46.511Z,0.01500000,ETH,0.07652,0,0.0011478,BTC
1420833,ETH-BTC,SELL,2017-09-03T01:12:46.511Z,0.01500000,ETH,0.07652,0,0.0011478,BTC
1420834,ETH-BTC,SELL,2017-09-03T01:12:46.511Z,0.01500000,ETH,0.07652,0,0.0011478,BTC
1420835,ETH-BTC,SELL,2017-09-03T01:12:46.511Z,0.01500000,ETH,0.07652,0,0.0011478,BTC
1420836,ETH-BTC,SELL,2017-09-03T01:12:46.511Z,0.01500000,ETH,0.07652,0,0.0011478,BTC
1420837,ETH-BTC,SELL,2017-09-03T01:12:46.511Z,0.01500000,ETH,0.07652,0,0.0011478,BTC
1420838,ETH-BTC,SELL,2017-09-03T01:12:46.511Z,0.01500000,ETH,0.07652,0,0.0011478,BTC
1420846,ETH-BTC,SELL,2017-09-03T01:16:40.105Z,0.01000000,ETH,0.07654,0,0.0007654,BTC
1420847,ETH-BTC,SELL,2017-09-03T01:16:40.105Z,0.01000000,ETH,0.07654,0,0.0007654,BTC
1420848,ETH-BTC,SELL,2017-09-03T01:16:40.105Z,0.01000000,ETH,0.07654,0,0.0007654,BTC
1420849,ETH-BTC,SELL,2017-09-03T01:16:40.105Z,0.01000000,ETH,0.07654,0,0.0007654,BTC
1420850,ETH-BTC,SELL,2017-09-03T01:16:40.105Z,0.01000000,ETH,0.07654,0,0.0007654,BTC
1420851,ETH-BTC,SELL,2017-09-03T01:16:40.105Z,0.01000000,ETH,0.07654,0,0.0007654,BTC
1420898,ETH-BTC,SELL,2017-09-03T01:24:06.232Z,0.01500000,ETH,0.07674,0,0.0011511,BTC
1420899,ETH-BTC,SELL,2017-09-03T01:24:06.232Z,0.01500000,ETH,0.07674,0,0.0011511,BTC
1420900,ETH-BTC,SELL,2017-09-03T01:24:06.232Z,0.01500000,ETH,0.07674,0,0.0011511,BTC
1421153,ETH-BTC,SELL,2017-09-03T03:57:20.480Z,0.01000000,ETH,0.07658,0,0.0007658,BTC
1421154,ETH-BTC,SELL,2017-09-03T03:57:20.480Z,0.01000000,ETH,0.07658,0,0.0007658,BTC
1421155,ETH-BTC,SELL,2017-09-03T03:57:20.480Z,0.01000000,ETH,0.07658,0,0.0007658,BTC
1421368,ETH-BTC,BUY,2017-09-03T05:20:49.568Z,0.01000000,ETH,0.07701,0.0000023103,-0.0007724103,BTC
1421369,ETH-BTC,BUY,2017-09-03T05:20:50.021Z,0.01000000,ETH,0.07701,0.0000023103,-0.0007724103,BTC
1421370,ETH-BTC,BUY,2017-09-03T05:20:50.236Z,0.01000000,ETH,0.07701,0.0000023103,-0.0007724103,BTC
1421371,ETH-BTC,BUY,2017-09-03T05:20:53.543Z,0.01000000,ETH,0.07701,0.0000023103,-0.0007724103,BTC
1421372,ETH-BTC,BUY,2017-09-03T05:20:53.752Z,0.01000000,ETH,0.07701,0.0000023103,-0.0007724103,BTC
1421373,ETH-BTC,BUY,2017-09-03T05:20:53.976Z,0.01000000,ETH,0.07701,0.0000023103,-0.0007724103,BTC
1421951,ETH-BTC,BUY,2017-09-03T06:47:21.729Z,0.01000000,ETH,0.07747,0,-0.0007747,BTC
1421952,ETH-BTC,BUY,2017-09-03T06:47:21.729Z,0.01000000,ETH,0.07747,0,-0.0007747,BTC
1421953,ETH-BTC,BUY,2017-09-03T06:47:21.729Z,0.01000000,ETH,0.07747,0,-0.0007747,BTC
1422084,ETH-BTC,SELL,2017-09-03T07:10:54.958Z,0.01000000,ETH,0.07718,0,0.0007718,BTC
1422085,ETH-BTC,SELL,2017-09-03T07:10:54.958Z,0.01000000,ETH,0.07718,0,0.0007718,BTC
1422086,ETH-BTC,SELL,2017-09-03T07:10:54.958Z,0.01000000,ETH,0.07718,0,0.0007718,BTC
1422087,ETH-BTC,SELL,2017-09-03T07:10:54.958Z,0.01000000,ETH,0.07718,0,0.0007718,BTC
1422088,ETH-BTC,SELL,2017-09-03T07:10:54.958Z,0.01000000,ETH,0.07718,0,0.0007718,BTC
1422089,ETH-BTC,SELL,2017-09-03T07:10:54.958Z,0.01000000,ETH,0.07718,0,0.0007718,BTC
1422090,ETH-BTC,SELL,2017-09-03T07:10:54.958Z,0.01000000,ETH,0.07718,0,0.0007718,BTC
1422091,ETH-BTC,SELL,2017-09-03T07:10:54.958Z,0.01000000,ETH,0.07718,0,0.0007718,BTC
1422092,ETH-BTC,SELL,2017-09-03T07:10:54.958Z,0.01000000,ETH,0.07718,0,0.0007718,BTC
1422128,ETH-BTC,SELL,2017-09-03T07:15:09.924Z,0.01000000,ETH,0.07731,0,0.0007731,BTC
1422129,ETH-BTC,SELL,2017-09-03T07:15:09.924Z,0.01000000,ETH,0.07731,0,0.0007731,BTC
1422130,ETH-BTC,SELL,2017-09-03T07:15:09.924Z,0.01000000,ETH,0.07731,0,0.0007731,BTC
1422178,ETH-BTC,BUY,2017-09-03T07:43:42.595Z,0.01000000,ETH,0.07726,0,-0.0007726,BTC
1422179,ETH-BTC,BUY,2017-09-03T07:43:42.595Z,0.01000000,ETH,0.07726,0,-0.0007726,BTC
1422180,ETH-BTC,BUY,2017-09-03T07:43:42.595Z,0.01000000,ETH,0.07726,0,-0.0007726,BTC
1422198,ETH-BTC,BUY,2017-09-03T07:48:11.277Z,0.01000000,ETH,0.07697,0,-0.0007697,BTC
1422199,ETH-BTC,BUY,2017-09-03T07:48:11.277Z,0.01000000,ETH,0.07697,0,-0.0007697,BTC
1422200,ETH-BTC,BUY,2017-09-03T07:48:11.277Z,0.01000000,ETH,0.07697,0,-0.0007697,BTC
1422222,ETH-BTC,BUY,2017-09-03T08:19:48.454Z,0.01000000,ETH,0.07715,0.0000023145,-0.0007738145,BTC
1422223,ETH-BTC,BUY,2017-09-03T08:19:48.665Z,0.01000000,ETH,0.07715,0.0000023145,-0.0007738145,BTC
1422224,ETH-BTC,BUY,2017-09-03T08:19:48.885Z,0.01000000,ETH,0.07715,0.0000023145,-0.0007738145,BTC
1422254,ETH-BTC,SELL,2017-09-03T08:25:10.159Z,0.01000000,ETH,0.07730,0,0.000773,BTC
1422255,ETH-BTC,SELL,2017-09-03T08:25:10.159Z,0.01000000,ETH,0.07730,0,0.000773,BTC
1422256,ETH-BTC,SELL,2017-09-03T08:25:10.159Z,0.01000000,ETH,0.07730,0,0.000773,BTC
1422469,ETH-BTC,BUY,2017-09-03T09:07:19.458Z,0.01000000,ETH,0.07612,0,-0.0007612,BTC
1422470,ETH-BTC,BUY,2017-09-03T09:07:19.458Z,0.01000000,ETH,0.07612,0,-0.0007612,BTC
1422471,ETH-BTC,BUY,2017-09-03T09:07:19.458Z,0.01000000,ETH,0.07612,0,-0.0007612,BTC
1422515,ETH-BTC,BUY,2017-09-03T09:22:24.967Z,0.01000000,ETH,0.07629,0,-0.0007629,BTC
1422516,ETH-BTC,BUY,2017-09-03T09:22:24.967Z,0.01000000,ETH,0.07629,0,-0.0007629,BTC
1422517,ETH-BTC,BUY,2017-09-03T09:22:24.967Z,0.01000000,ETH,0.07629,0,-0.0007629,BTC
1422561,ETH-BTC,BUY,2017-09-03T09:32:39.874Z,0.00161753,ETH,0.07654,0.0000003714172386,-0.0001241771634386,BTC
1422562,ETH-BTC,BUY,2017-09-03T09:32:43.791Z,0.01000000,ETH,0.07656,0.0000022968,-0.0007678968,BTC
1422563,ETH-BTC,BUY,2017-09-03T09:32:44.005Z,0.01000000,ETH,0.07656,0.0000022968,-0.0007678968,BTC
1422564,ETH-BTC,BUY,2017-09-03T09:32:44.236Z,0.01000000,ETH,0.07656,0.0000022968,-0.0007678968,BTC
1422565,ETH-BTC,BUY,2017-09-03T09:32:47.536Z,0.01000000,ETH,0.07656,0.0000022968,-0.0007678968,BTC
1422566,ETH-BTC,BUY,2017-09-03T09:32:47.747Z,0.01000000,ETH,0.07656,0.0000022968,-0.0007678968,BTC
1422567,ETH-BTC,BUY,2017-09-03T09:32:47.956Z,0.01000000,ETH,0.07656,0.0000022968,-0.0007678968,BTC
1422568,ETH-BTC,BUY,2017-09-03T09:32:51.217Z,0.01000000,ETH,0.07656,0.0000022968,-0.0007678968,BTC
1422569,ETH-BTC,BUY,2017-09-03T09:32:51.403Z,0.01000000,ETH,0.07656,0.0000022968,-0.0007678968,BTC
1422570,ETH-BTC,BUY,2017-09-03T09:32:51.579Z,0.01000000,ETH,0.07656,0.0000022968,-0.0007678968,BTC
1422571,ETH-BTC,BUY,2017-09-03T09:32:55.123Z,0.01000000,ETH,0.07656,0.0000022968,-0.0007678968,BTC
1422572,ETH-BTC,BUY,2017-09-03T09:32:55.372Z,0.01000000,ETH,0.07656,0.0000022968,-0.0007678968,BTC
1422573,ETH-BTC,BUY,2017-09-03T09:32:55.592Z,0.01000000,ETH,0.07656,0.0000022968,-0.0007678968,BTC
1422574,ETH-BTC,BUY,2017-09-03T09:32:58.863Z,0.01000000,ETH,0.07656,0.0000022968,-0.0007678968,BTC
1422575,ETH-BTC,BUY,2017-09-03T09:32:59.331Z,0.01000000,ETH,0.07656,0.0000022968,-0.0007678968,BTC
1422576,ETH-BTC,BUY,2017-09-03T09:32:59.534Z,0.01000000,ETH,0.07656,0.0000022968,-0.0007678968,BTC
1422577,ETH-BTC,BUY,2017-09-03T09:33:02.854Z,0.01000000,ETH,0.07656,0.0000022968,-0.0007678968,BTC
1422578,ETH-BTC,BUY,2017-09-03T09:33:03.125Z,0.01000000,ETH,0.07656,0.0000022968,-0.0007678968,BTC
1422579,ETH-BTC,BUY,2017-09-03T09:33:03.319Z,0.01000000,ETH,0.07656,0.0000022968,-0.0007678968,BTC
1422580,ETH-BTC,BUY,2017-09-03T09:33:06.601Z,0.01000000,ETH,0.07656,0.0000022968,-0.0007678968,BTC
1422581,ETH-BTC,BUY,2017-09-03T09:33:06.816Z,0.01000000,ETH,0.07656,0.0000022968,-0.0007678968,BTC
1422582,ETH-BTC,BUY,2017-09-03T09:33:07.006Z,0.01000000,ETH,0.07656,0.0000022968,-0.0007678968,BTC
1422583,ETH-BTC,BUY,2017-09-03T09:33:10.367Z,0.01000000,ETH,0.07656,0.0000022968,-0.0007678968,BTC
1422584,ETH-BTC,BUY,2017-09-03T09:33:10.588Z,0.01000000,ETH,0.07656,0.0000022968,-0.0007678968,BTC
1422585,ETH-BTC,BUY,2017-09-03T09:33:10.801Z,0.01000000,ETH,0.07656,0.0000022968,-0.0007678968,BTC
1422606,ETH-BTC,SELL,2017-09-03T09:40:32.869Z,0.01000000,ETH,0.07669,0,0.0007669,BTC
1422607,ETH-BTC,SELL,2017-09-03T09:40:32.869Z,0.01000000,ETH,0.07669,0,0.0007669,BTC
1422608,ETH-BTC,SELL,2017-09-03T09:40:32.869Z,0.01000000,ETH,0.07669,0,0.0007669,BTC
1422612,ETH-BTC,BUY,2017-09-03T09:41:50.319Z,0.00838247,ETH,0.07654,0,-0.0006415942538,BTC
1422613,ETH-BTC,BUY,2017-09-03T09:41:50.319Z,0.01000000,ETH,0.07654,0,-0.0007654,BTC
1422614,ETH-BTC,BUY,2017-09-03T09:41:50.319Z,0.01000000,ETH,0.07654,0,-0.0007654,BTC
1422678,ETH-BTC,SELL,2017-09-03T10:20:11.458Z,0.01000000,ETH,0.07625,0,0.0007625,BTC
1422679,ETH-BTC,SELL,2017-09-03T10:20:11.458Z,0.01000000,ETH,0.07625,0,0.0007625,BTC
1422680,ETH-BTC,SELL,2017-09-03T10:20:11.458Z,0.01000000,ETH,0.07625,0,0.0007625,BTC
1422681,ETH-BTC,SELL,2017-09-03T10:20:11.458Z,0.01000000,ETH,0.07625,0,0.0007625,BTC
1422682,ETH-BTC,SELL,2017-09-03T10:20:11.458Z,0.01000000,ETH,0.07625,0,0.0007625,BTC
1422683,ETH-BTC,SELL,2017-09-03T10:20:11.458Z,0.01000000,ETH,0.07625,0,0.0007625,BTC
1422684,ETH-BTC,SELL,2017-09-03T10:20:11.458Z,0.01000000,ETH,0.07625,0,0.0007625,BTC
1422685,ETH-BTC,SELL,2017-09-03T10:20:11.458Z,0.01000000,ETH,0.07625,0,0.0007625,BTC
1422686,ETH-BTC,SELL,2017-09-03T10:20:11.458Z,0.01000000,ETH,0.07625,0,0.0007625,BTC
1422687,ETH-BTC,SELL,2017-09-03T10:20:11.458Z,0.01000000,ETH,0.07625,0,0.0007625,BTC
1422688,ETH-BTC,SELL,2017-09-03T10:20:11.458Z,0.01000000,ETH,0.07625,0,0.0007625,BTC
1422689,ETH-BTC,SELL,2017-09-03T10:20:11.458Z,0.01000000,ETH,0.07625,0,0.0007625,BTC
1422694,ETH-BTC,BUY,2017-09-03T10:24:34.236Z,0.01000000,ETH,0.07614,0,-0.0007614,BTC
1422695,ETH-BTC,BUY,2017-09-03T10:24:34.236Z,0.01000000,ETH,0.07614,0,-0.0007614,BTC
1422696,ETH-BTC,BUY,2017-09-03T10:24:34.236Z,0.01000000,ETH,0.07614,0,-0.0007614,BTC
1423908,ETH-BTC,BUY,2017-09-03T12:43:16.265Z,0.01000000,ETH,0.07574,0.0000022722,-0.0007596722,BTC
1423909,ETH-BTC,BUY,2017-09-03T12:43:16.476Z,0.01000000,ETH,0.07574,0.0000022722,-0.0007596722,BTC
1423910,ETH-BTC,BUY,2017-09-03T12:43:16.691Z,0.01000000,ETH,0.07574,0.0000022722,-0.0007596722,BTC
1423911,ETH-BTC,BUY,2017-09-03T12:43:20.020Z,0.01000000,ETH,0.07574,0.0000022722,-0.0007596722,BTC
1423912,ETH-BTC,BUY,2017-09-03T12:43:20.232Z,0.01000000,ETH,0.07574,0.0000022722,-0.0007596722,BTC
1423913,ETH-BTC,BUY,2017-09-03T12:43:20.448Z,0.01000000,ETH,0.07574,0.0000022722,-0.0007596722,BTC
1423914,ETH-BTC,BUY,2017-09-03T12:43:24.123Z,0.01000000,ETH,0.07574,0.0000022722,-0.0007596722,BTC
1423915,ETH-BTC,BUY,2017-09-03T12:43:25.427Z,0.01000000,ETH,0.07574,0.0000022722,-0.0007596722,BTC
1423916,ETH-BTC,BUY,2017-09-03T12:43:25.826Z,0.01000000,ETH,0.07574,0.0000022722,-0.0007596722,BTC
1423917,ETH-BTC,BUY,2017-09-03T12:43:29.326Z,0.01000000,ETH,0.07574,0.0000022722,-0.0007596722,BTC
1423918,ETH-BTC,BUY,2017-09-03T12:43:29.549Z,0.01000000,ETH,0.07574,0.0000022722,-0.0007596722,BTC
1423919,ETH-BTC,BUY,2017-09-03T12:43:29.987Z,0.01000000,ETH,0.07574,0.0000022722,-0.0007596722,BTC
1423920,ETH-BTC,BUY,2017-09-03T12:43:33.345Z,0.01000000,ETH,0.07574,0.0000022722,-0.0007596722,BTC
1423921,ETH-BTC,BUY,2017-09-03T12:43:33.642Z,0.01000000,ETH,0.07574,0.0000022722,-0.0007596722,BTC
1423922,ETH-BTC,BUY,2017-09-03T12:43:34.057Z,0.01000000,ETH,0.07574,0.0000022722,-0.0007596722,BTC
1424125,ETH-BTC,SELL,2017-09-03T13:26:57.927Z,0.01000000,ETH,0.07591,0,0.0007591,BTC
1424126,ETH-BTC,SELL,2017-09-03T13:26:57.927Z,0.01000000,ETH,0.07591,0,0.0007591,BTC
1424127,ETH-BTC,SELL,2017-09-03T13:26:57.927Z,0.01000000,ETH,0.07591,0,0.0007591,BTC
1424128,ETH-BTC,SELL,2017-09-03T13:26:57.927Z,0.01000000,ETH,0.07591,0,0.0007591,BTC
1424129,ETH-BTC,SELL,2017-09-03T13:26:57.927Z,0.01000000,ETH,0.07591,0,0.0007591,BTC
1424130,ETH-BTC,SELL,2017-09-03T13:26:57.927Z,0.01000000,ETH,0.07591,0,0.0007591,BTC
1424520,ETH-BTC,BUY,2017-09-03T14:15:13.254Z,0.01000000,ETH,0.07571,0,-0.0007571,BTC
1424521,ETH-BTC,BUY,2017-09-03T14:15:13.254Z,0.01000000,ETH,0.07571,0,-0.0007571,BTC
1424522,ETH-BTC,BUY,2017-09-03T14:15:13.254Z,0.01000000,ETH,0.07571,0,-0.0007571,BTC
1424809,ETH-BTC,BUY,2017-09-03T15:11:19.501Z,0.01000000,ETH,0.07554,0,-0.0007554,BTC
1424810,ETH-BTC,BUY,2017-09-03T15:11:19.501Z,0.01000000,ETH,0.07554,0,-0.0007554,BTC
1424811,ETH-BTC,BUY,2017-09-03T15:11:19.501Z,0.01000000,ETH,0.07554,0,-0.0007554,BTC
1424851,ETH-BTC,BUY,2017-09-03T15:22:14.686Z,0.01000000,ETH,0.07546,0,-0.0007546,BTC
1424852,ETH-BTC,BUY,2017-09-03T15:22:14.686Z,0.01000000,ETH,0.07546,0,-0.0007546,BTC
1424853,ETH-BTC,BUY,2017-09-03T15:22:14.686Z,0.01000000,ETH,0.07546,0,-0.0007546,BTC
1425280,ETH-BTC,SELL,2017-09-03T17:22:34.567Z,0.01000000,ETH,0.07557,0,0.0007557,BTC
1425281,ETH-BTC,SELL,2017-09-03T17:22:34.567Z,0.01000000,ETH,0.07557,0,0.0007557,BTC
1425282,ETH-BTC,SELL,2017-09-03T17:22:34.567Z,0.01000000,ETH,0.07557,0,0.0007557,BTC
